<?xml version="1.0" encoding="UTF-8" standalone="yes"?>
<addon id="repository.Pip" name="Pip" version="1.0.0" provider-name="Philippe Mortelette">
    <extension point="xbmc.addon.repository" name="Pip">
        <dir>
            <info compressed="false">https://raw.githubusercontent.com/Solamsnake/Pip/master/zips/addons.xml</info>
            <checksum>https://raw.githubusercontent.com/Solamsnake/Pip/master/zips/addons.xml.md5</checksum>
            <datadir zip="true">https://raw.githubusercontent.com/Solamsnake/Pip/master/zips/</datadir>
        </dir>
    </extension>
    <extension point="xbmc.addon.metadata">
        <summary>Pip</summary>
        <description>My Favorite Kodi Addons</description>
        <disclaimer></disclaimer>
        <platform>all</platform>
        <assets>
            <icon>icon.png</icon>
            <fanart>fanart.jpg</fanart>
        </assets>
    </extension>
</addon>